relative_path,bytes,sha256,role
.gitattributes,8,705fd4d6451a31d36b3df7de96f83f30ac976c9b4a6d1e51671d8e2f33e2d0da,versioned source or support file
.github/workflows/smoke-test.yml,779,de582eb0eff70321b9ad8f56c3e5e56a7ce06c6a7830972dd470d898ce4d5e59,cross-platform CI configuration
.gitignore,104,ace43e62cf9a444102ab63ef2d487c356fdbc961b2da3bb2560ae8f93bb4a56f,versioned source or support file
.zenodo.json,1301,b9120f016f7c9be614b7e5de48802b35b5d007944374ef6d04958989366661fc,versioned or historical metadata documentation
CHANGELOG.md,3062,d63845f2310260d6f6309a2a111266afd69b5a440c537fb9f7540cdbac77451c,versioned or historical metadata documentation
CITATION.cff,718,3472c49aaf9f50e269875af3542cd1bc54f9c46a0b078af58c6d8d9afab7b49b,versioned or historical metadata documentation
LICENSE,318,d076bf8f5669981d7f290775e40cffe3082425da22b5820c6ec66abc3ef5981a,versioned source or support file
MOF_WorkedExample/README.md,1816,5224c9280a500fe5965d29e8f537a4176c3cd8b66d764675e6316fa45ad27405,synthetic fixture or schema
MOF_WorkedExample/evidence/example_pxrd_pattern.xy,149,4d294c21fecb1edad007c1bf093cf43fa8433b80bd19f24af632d6ae7a20310a,synthetic fixture or schema
MOF_WorkedExample/evidence/example_synthesis_log.txt,319,a3b3a3b70028991330c3822ef041c311306a8c0c8c21cf271ddc54ca0d13f194,synthetic fixture or schema
MOF_WorkedExample/mof_research_object_profile.schema.json,10586,03f079c5921f0aeeebc51d1fb402dba244ced72c713f6dca219a2134c5b1ba27,synthetic fixture or schema
MOF_WorkedExample/synthetic_uio66_research_object.json,3604,dc11c3df830fadc46ac335b2dd2c5abc01b46978e4d65ee02d22553569a5cdca,synthetic fixture or schema
MOF_WorkedExample/tests/test_validate_mof_worked_example.py,8468,f2c47fe936adf96e9a95ebe17cf85ba3464453a874c7bd8d9161369c541729a8,unit or negative test
MOF_WorkedExample/validate_mof_worked_example.py,6252,6ac1939145d78f14094a8f244ecb92c6b2159562f492fdbbe6a991477f32ba6f,synthetic fixture or schema
README.md,5018,649bc4e2694f8564cff8454f4190ea0b3f865dbbbb2cbbad71e3dc729ab50121,versioned or historical metadata documentation
RELEASE_NOTES_v0.3.3-alpha.md,91,c191051f4365a0c40258d428342607384696fef65c0412d535a1822c88de782a,versioned or historical metadata documentation
RELEASE_NOTES_v0.3.4-alpha.md,750,ab91b5a70722a66483c5825b47ff4b8852d9fbb49aa00520453107770d8b65dc,versioned or historical metadata documentation
RELEASE_NOTES_v0.3.5-alpha.md,2662,9a22409df5cbd3751f5d64bd9cab4d5a72f364fe1f1d1fcacdf8c1d15ba45ed4,versioned or historical metadata documentation
RELEASE_NOTES_v0.3.6-alpha.md,2019,9d066dc82be1b0171e3cde46e3bbb8d932c004ffeb63f307e32db3fa09505b2f,versioned or historical metadata documentation
REPRODUCIBILITY.md,4319,d38fb07c1c36847bac73662a3c44acd39f983bf69b724f12c6fecebbdcba03c1,versioned or historical metadata documentation
contribution_schema.json,10759,5a76474a11e492b887e22a90b0d1ea045241f61cc20611a84bffadeb76898791,versioned source or support file
data/example_contributions.json,14370,66ae5cc363c8099cc60222d0b6fc74906d449bf4c0dc1127d062193c1a794853,synthetic fixture or schema
history/v0.3.4-alpha_RELEASE_FINALIZATION.md,2084,6fcaeee13ba70b918a3024db964026db615573fd5dbfa9e1e2a61a256aae7966,versioned or historical metadata documentation
mct_reward_simulation.py,13479,36d32b8391469aabba657545ae8cc33582255d00b0253fab0ec40838dcbfb4ee,versioned source or support file
non_transferable_token_stub.sol,293,6fb5ad94f8c23b4b4bc44f7ac65857673c07c35df0b41eae0c5de80a3b7b6b5f,versioned source or support file
outputs/diagnostic_event_scores.csv,1761,fdff4dd2bbd3275ba18c0955da15cca8cbb88a0782b7326b64d8dcd1a6ac79aa,committed deterministic output
outputs/diagnostic_sensitivity.csv,96,b0581ef6a1519e8115f23b4585a2e566c3da228e13d8fa8992aee6ae6dcaad82,committed deterministic output
outputs/release_validation.json,3373,1f7ae51cf59a28fc920d4951eb828e86fb0f48feb3030deea57f71dc0522ff29,committed deterministic output
outputs/simulation_dry_run_stdout.json,841,c072bb919df169898d526000ab05e3ebed6447645cbec8c16b664738a05c7979,committed deterministic output
outputs/simulation_stdout.json,841,c072bb919df169898d526000ab05e3ebed6447645cbec8c16b664738a05c7979,committed deterministic output
outputs/summary.json,841,c072bb919df169898d526000ab05e3ebed6447645cbec8c16b664738a05c7979,committed deterministic output
outputs/verification_results.csv,795,5d245030b0d64878d8d2cb73754c1b66a417770d02bc694ffe148e6eec5171d9,committed deterministic output
outputs/verification_workflow_demo_executed.ipynb,4511,432ca5ef6870dbc353889936325b13726d8d4a3902f308e7b17539664f9df24e,committed deterministic output
requirements-ci.txt,133,94bcd940973a84158d0effb27db0d9b479f46e9de76928aa8a93981e8c57a866,dependency declaration
requirements-tested-local.txt,231,6fff9a7a2c486df41ca00713c0673c5212439123310937e43f5cd7e89e0d740f,dependency declaration
requirements.txt,77,3f708e1113c2ce7f0d03b818a7f1d470c84719d777b75dda88f9f8ae5e8714c3,dependency declaration
scripts/__init__.py,79,545cd2ae851dbd99893f2fb4087398ebe6cc5bec1675bd3b2b8891e8dcb446b6,validation or reproducibility tooling
scripts/check_release_neutrality.py,3257,1828c259f32bae31a751b8f0bccf24dd40abc68fdc5ea10d1b6bcbf288ee7d0c,validation or reproducibility tooling
scripts/compare_csv_semantics.py,257,7b02560c240dd25a96ca32fa5e1cdc805ddccf6fbf7d824e9b2f6deed631546e,validation or reproducibility tooling
scripts/compare_json_semantics.py,225,23e9e4bb059ee29bbd13987cea93103a96ca22a6779472d7c9771d5872e8d998,validation or reproducibility tooling
scripts/compare_notebook_semantics.py,8496,1a781998b680fe420663ac99a40e7a2630c092ae6f97498e2dc5c82f826ff40f,validation or reproducibility tooling
scripts/execute_notebook.py,10649,330f16c1b10bcba5471d31e91bd2bde29994c81b3364ee9507a1993c4d052e13,validation or reproducibility tooling
scripts/generate_outputs.py,4994,018cda56d6930639fc0b3509622f20bd6c6d3498f4b276645943f35056fb97c7,validation or reproducibility tooling
scripts/run_smoke_tests.ps1,146,a6359b379f34c6938981b87fa909a996330ff49fcd12aadfc326539b4eba074a,validation or reproducibility tooling
scripts/run_smoke_tests.py,9835,b2ec78c731fadfd865be1d053602ede3c6fc78a5814206ea2d50e8a42ef9a868,validation or reproducibility tooling
scripts/run_smoke_tests.sh,101,7466eb66bc609af1f8897881136f5b2c025ba91777d06ac0ee6cab962f92eb66,validation or reproducibility tooling
scripts/validate_package.py,6318,5a9e55de172485ae5e8a88c950a230954d038dc58fc1fc3d7abe27b3143248b3,validation or reproducibility tooling
scripts/validate_release.py,16920,6c5c8f7291365b6b637585348fc1ab82554866cec8d82a06e9c34fb0ac902e08,validation or reproducibility tooling
tests/test_notebook_regression.py,6125,6c08a2ea82907dd1d68f8b174fb61e58c59b2d8659741464abe360bbd5777169,unit or negative test
tests/test_output_pipeline.py,4703,7ba41caa0b2991498b3379792332d0f688db88835b55909751c689e3fbb5a940,unit or negative test
tests/test_path_security.py,7441,dafca45acac4017c5f99be912c85305a3f4b14424ab6e24b837e0e4d0b1c745a,unit or negative test
tests/test_release_neutrality.py,2670,061b5a0be512b93f7211cb83c35fc896f209ae4783d910ecaa6979cf2dab7436,unit or negative test
tests/test_release_schema.py,6017,c548061a40f60c2bde675747214120bf2b1daf73bfbcf7f35e8b69b9360b6d54,unit or negative test
tests/test_scoring.py,2563,ac405509f65c649bebe1d6b54e5bd2f954775e5d24ebe0df50edc7320ec8296f,unit or negative test
verification_workflow_demo.ipynb,3593,fba0311b652dca82292dc082af1ecd02bc73d1c55971a6bca181f057507d1868,versioned source or support file
